Kabupaten,Provinsi
Kabupaten Aceh Barat,Aceh
Kabupaten Aceh Barat Daya,Aceh
Kabupaten Aceh Besar,Aceh
Kabupaten Aceh Jaya,Aceh
Kabupaten Aceh Selatan,Aceh
Kabupaten Aceh Singkil,Aceh
Kabupaten Aceh Tamiang,Aceh
Kabupaten Aceh Tengah,Aceh
Kabupaten Aceh Tenggara,Aceh
Kabupaten Aceh Timur,Aceh
Kabupaten Aceh Utara,Aceh
Kabupaten Administrasi Kepulauan Seribu,Daerah Khusus Ibukota Jakarta
Kabupaten Agam,Sumatra Barat
Kabupaten Alor,Nusa Tenggara Timur
Kabupaten Asahan,Sumatra Utara
Kabupaten Asmat,Papua Selatan
Kabupaten Badung,Bali
Kabupaten Balangan,Kalimantan Selatan
Kabupaten Bandung,Jawa Barat
Kabupaten Bandung Barat,Jawa Barat
Kabupaten Banggai,Sulawesi Tengah
Kabupaten Banggai Kepulauan,Sulawesi Tengah
Kabupaten Banggai Laut,Sulawesi Tengah
Kabupaten Bangka,Kepulauan Bangka Belitung
Kabupaten Bangka Barat,Kepulauan Bangka Belitung
Kabupaten Bangka Selatan,Kepulauan Bangka Belitung
Kabupaten Bangka Tengah,Kepulauan Bangka Belitung
Kabupaten Bangkalan,Jawa Timur
Kabupaten Bangli,Bali
Kabupaten Banjar,Kalimantan Selatan
Kabupaten Banjarnegara,Jawa Tengah
Kabupaten Bantaeng,Sulawesi Selatan
Kabupaten Bantul,Daerah Istimewa Yogyakarta
Kabupaten Banyuasin,Sumatra Selatan
Kabupaten Banyumas,Jawa Tengah
Kabupaten Banyuwangi,Jawa Timur
Kabupaten Barito Kuala,Kalimantan Selatan
Kabupaten Barito Selatan,Kalimantan Tengah
Kabupaten Barito Timur,Kalimantan Tengah
Kabupaten Barito Utara,Kalimantan Tengah
Kabupaten Barru,Sulawesi Selatan
Kabupaten Batang,Jawa Tengah
Kabupaten Batanghari,Jambi
Kabupaten Batu Bara,Sumatra Utara
Kabupaten Bekasi,Jawa Barat
Kabupaten Belitung,Kepulauan Bangka Belitung
Kabupaten Belitung Timur,Kepulauan Bangka Belitung
Kabupaten Belu,Nusa Tenggara Timur
Kabupaten Bener Meriah,Aceh
Kabupaten Bengkalis,Riau
Kabupaten Bengkayang,Kalimantan Barat
Kabupaten Bengkulu Selatan,Bengkulu
Kabupaten Bengkulu Tengah,Bengkulu
Kabupaten Bengkulu Utara,Bengkulu
Kabupaten Berau,Kalimantan Timur
Kabupaten Biak Numfor,Papua
Kabupaten Bima,Nusa Tenggara Barat
Kabupaten Bintan,Kepulauan Riau
Kabupaten Bireuen,Aceh
Kabupaten Blitar,Jawa Timur
Kabupaten Blora,Jawa Tengah
Kabupaten Boalemo,Gorontalo
Kabupaten Bogor,Jawa Barat
Kabupaten Bojonegoro,Jawa Timur
Kabupaten Bolaang Mongondow,Sulawesi Utara
Kabupaten Bolaang Mongondow Selatan,Sulawesi Utara
Kabupaten Bolaang Mongondow Timur,Sulawesi Utara
Kabupaten Bolaang Mongondow Utara,Sulawesi Utara
Kabupaten Bombana,Sulawesi Tenggara
Kabupaten Bondowoso,Jawa Timur
Kabupaten Bone,Sulawesi Selatan
Kabupaten Bone Bolango,Gorontalo
Kabupaten Boven Digoel,Papua Selatan
Kabupaten Boyolali,Jawa Tengah
Kabupaten Brebes,Jawa Tengah
Kabupaten Buleleng,Bali
Kabupaten Bulukumba,Sulawesi Selatan
Kabupaten Bulungan,Kalimantan Utara
Kabupaten Bungo,Jambi
Kabupaten Buol,Sulawesi Tengah
Kabupaten Buru,Maluku
Kabupaten Buru Selatan,Maluku
Kabupaten Buton,Sulawesi Tenggara
Kabupaten Buton Selatan,Sulawesi Tenggara
Kabupaten Buton Tengah,Sulawesi Tenggara
Kabupaten Buton Utara,Sulawesi Tenggara
Kabupaten Ciamis,Jawa Barat
Kabupaten Cianjur,Jawa Barat
Kabupaten Cilacap,Jawa Tengah
Kabupaten Cirebon,Jawa Barat
Kabupaten Dairi,Sumatra Utara
Kabupaten Deiyai,Papua Tengah
Kabupaten Deli Serdang,Sumatra Utara
Kabupaten Demak,Jawa Tengah
Kabupaten Dharmasraya,Sumatra Barat
Kabupaten Dogiyai,Papua Tengah
Kabupaten Dompu,Nusa Tenggara Barat
Kabupaten Donggala,Sulawesi Tengah
Kabupaten Empat Lawang,Sumatra Selatan
Kabupaten Ende,Nusa Tenggara Timur
Kabupaten Enrekang,Sulawesi Selatan
Kabupaten Fakfak,Papua Barat
Kabupaten Flores Timur,Nusa Tenggara Timur
Kabupaten Garut,Jawa Barat
Kabupaten Gayo Lues,Aceh
Kabupaten Gianyar,Bali
Kabupaten Gorontalo,Gorontalo
Kabupaten Gorontalo Utara,Gorontalo
Kabupaten Gowa,Sulawesi Selatan
Kabupaten Gresik,Jawa Timur
Kabupaten Grobogan,Jawa Tengah
Kabupaten Gunungkidul,Daerah Istimewa Yogyakarta
Kabupaten Gunung Mas,Kalimantan Tengah
Kabupaten Halmahera Barat,Maluku Utara
Kabupaten Halmahera Selatan,Maluku Utara
Kabupaten Halmahera Tengah,Maluku Utara
Kabupaten Halmahera Timur,Maluku Utara
Kabupaten Halmahera Utara,Maluku Utara
Kabupaten Hulu Sungai Selatan,Kalimantan Selatan
Kabupaten Hulu Sungai Tengah,Kalimantan Selatan
Kabupaten Hulu Sungai Utara,Kalimantan Selatan
Kabupaten Humbang Hasundutan,Sumatra Utara
Kabupaten Indragiri Hilir,Riau
Kabupaten Indragiri Hulu,Riau
Kabupaten Indramayu,Jawa Barat
Kabupaten Intan Jaya,Papua Tengah
Kabupaten Jayapura,Papua
Kabupaten Jayawijaya,Papua Pegunungan
Kabupaten Jember,Jawa Timur
Kabupaten Jembrana,Bali
Kabupaten Jeneponto,Sulawesi Selatan
Kabupaten Jepara,Jawa Tengah
Kabupaten Jombang,Jawa Timur
Kabupaten Kaimana,Papua Barat
Kabupaten Kampar,Riau
Kabupaten Kapuas,Kalimantan Tengah
Kabupaten Kapuas Hulu,Kalimantan Barat
Kabupaten Karanganyar,Jawa Tengah
Kabupaten Karangasem,Bali
Kabupaten Karawang,Jawa Barat
Kabupaten Karimun,Kepulauan Riau
Kabupaten Karo,Sumatra Utara
Kabupaten Katingan,Kalimantan Tengah
Kabupaten Kaur,Bengkulu
Kabupaten Kayong Utara,Kalimantan Barat
Kabupaten Kebumen,Jawa Tengah
Kabupaten Kediri,Jawa Timur
Kabupaten Keerom,Papua
Kabupaten Kendal,Jawa Tengah
Kabupaten Kepahiang,Bengkulu
Kabupaten Kepulauan Anambas,Kepulauan Riau
Kabupaten Kepulauan Aru,Maluku
Kabupaten Kepulauan Mentawai,Sumatra Barat
Kabupaten Kepulauan Meranti,Riau
Kabupaten Kepulauan Sangihe,Sulawesi Utara
Kabupaten Kepulauan Selayar,Sulawesi Selatan
Kabupaten Kepulauan Siau Tagulandang Biaro,Sulawesi Utara
Kabupaten Kepulauan Sula,Maluku Utara
Kabupaten Kepulauan Talaud,Sulawesi Utara
Kabupaten Kepulauan Tanimbar,Maluku
Kabupaten Kepulauan Yapen,Papua
Kabupaten Kerinci,Jambi
Kabupaten Ketapang,Kalimantan Barat
Kabupaten Klaten,Jawa Tengah
Kabupaten Klungkung,Bali
Kabupaten Kolaka,Sulawesi Tenggara
Kabupaten Kolaka Timur,Sulawesi Tenggara
Kabupaten Kolaka Utara,Sulawesi Tenggara
Kabupaten Konawe,Sulawesi Tenggara
Kabupaten Konawe Kepulauan,Sulawesi Tenggara
Kabupaten Konawe Selatan,Sulawesi Tenggara
Kabupaten Konawe Utara,Sulawesi Tenggara
Kabupaten Kotabaru,Kalimantan Selatan
Kabupaten Kotawaringin Barat,Kalimantan Tengah
Kabupaten Kotawaringin Timur,Kalimantan Tengah
Kabupaten Kuantan Singingi,Riau
Kabupaten Kubu Raya,Kalimantan Barat
Kabupaten Kudus,Jawa Tengah
Kabupaten Kulon Progo,Daerah Istimewa Yogyakarta
Kabupaten Kuningan,Jawa Barat
Kabupaten Kupang,Nusa Tenggara Timur
Kabupaten Kutai Barat,Kalimantan Timur
Kabupaten Kutai Kartanegara,Kalimantan Timur
Kabupaten Kutai Timur,Kalimantan Timur
Kabupaten Labuhanbatu,Sumatra Utara
Kabupaten Labuhanbatu Selatan,Sumatra Utara
Kabupaten Labuhanbatu Utara,Sumatra Utara
Kabupaten Lahat,Sumatra Selatan
Kabupaten Lamandau,Kalimantan Tengah
Kabupaten Lamongan,Jawa Timur
Kabupaten Lampung Barat,Lampung
Kabupaten Lampung Selatan,Lampung
Kabupaten Lampung Tengah,Lampung
Kabupaten Lampung Timur,Lampung
Kabupaten Lampung Utara,Lampung
Kabupaten Landak,Kalimantan Barat
Kabupaten Langkat,Sumatra Utara
Kabupaten Lanny Jaya,Papua Pegunungan
Kabupaten Lebak,Banten
Kabupaten Lebong,Bengkulu
Kabupaten Lembata,Nusa Tenggara Timur
Kabupaten Lima Puluh Kota,Sumatra Barat
Kabupaten Lingga,Kepulauan Riau
Kabupaten Lombok Barat,Nusa Tenggara Barat
Kabupaten Lombok Tengah,Nusa Tenggara Barat
Kabupaten Lombok Timur,Nusa Tenggara Barat
Kabupaten Lombok Utara,Nusa Tenggara Barat
Kabupaten Lumajang,Jawa Timur
Kabupaten Luwu,Sulawesi Selatan
Kabupaten Luwu Timur,Sulawesi Selatan
Kabupaten Luwu Utara,Sulawesi Selatan
Kabupaten Madiun,Jawa Timur
Kabupaten Magelang,Jawa Tengah
Kabupaten Magetan,Jawa Timur
Kabupaten Mahakam Ulu,Kalimantan Timur
Kabupaten Majalengka,Jawa Barat
Kabupaten Majene,Sulawesi Barat
Kabupaten Malaka,Nusa Tenggara Timur
Kabupaten Malang,Jawa Timur
Kabupaten Malinau,Kalimantan Utara
Kabupaten Maluku Barat Daya,Maluku
Kabupaten Maluku Tengah,Maluku
Kabupaten Maluku Tenggara,Maluku
Kabupaten Mamasa,Sulawesi Barat
Kabupaten Mamberamo Raya,Papua
Kabupaten Mamberamo Tengah,Papua Pegunungan
Kabupaten Mamuju,Sulawesi Barat
Kabupaten Mamuju Tengah,Sulawesi Barat
Kabupaten Mandailing Natal,Sumatra Utara
Kabupaten Manggarai,Nusa Tenggara Timur
Kabupaten Manggarai Barat,Nusa Tenggara Timur
Kabupaten Manggarai Timur,Nusa Tenggara Timur
Kabupaten Manokwari,Papua Barat
Kabupaten Manokwari Selatan,Papua Barat
Kabupaten Mappi,Papua Selatan
Kabupaten Maros,Sulawesi Selatan
Kabupaten Maybrat,Papua Barat Daya
Kabupaten Melawi,Kalimantan Barat
Kabupaten Mempawah,Kalimantan Barat
Kabupaten Merangin,Jambi
Kabupaten Merauke,Papua Selatan
Kabupaten Mesuji,Lampung
Kabupaten Mimika,Papua Tengah
Kabupaten Minahasa,Sulawesi Utara
Kabupaten Minahasa Selatan,Sulawesi Utara
Kabupaten Minahasa Tenggara,Sulawesi Utara
Kabupaten Minahasa Utara,Sulawesi Utara
Kabupaten Mojokerto,Jawa Timur
Kabupaten Morowali,Sulawesi Tengah
Kabupaten Morowali Utara,Sulawesi Tengah
Kabupaten Muara Enim,Sumatra Selatan
Kabupaten Muaro Jambi,Jambi
Kabupaten Mukomuko,Bengkulu
Kabupaten Muna,Sulawesi Tenggara
Kabupaten Muna Barat,Sulawesi Tenggara
Kabupaten Murung Raya,Kalimantan Tengah
Kabupaten Musi Banyuasin,Sumatra Selatan
Kabupaten Musi Rawas,Sumatra Selatan
Kabupaten Musi Rawas Utara,Sumatra Selatan
Kabupaten Nabire,Papua Tengah
Kabupaten Nagan Raya,Aceh
Kabupaten Nagekeo,Nusa Tenggara Timur
Kabupaten Natuna,Kepulauan Riau
Kabupaten Nduga,Papua Pegunungan
Kabupaten Ngada,Nusa Tenggara Timur
Kabupaten Nganjuk,Jawa Timur
Kabupaten Ngawi,Jawa Timur
Kabupaten Nias,Sumatra Utara
Kabupaten Nias Barat,Sumatra Utara
Kabupaten Nias Selatan,Sumatra Utara
Kabupaten Nias Utara,Sumatra Utara
Kabupaten Nunukan,Kalimantan Utara
Kabupaten Ogan Ilir,Sumatra Selatan
Kabupaten Ogan Komering Ilir,Sumatra Selatan
Kabupaten Ogan Komering Ulu,Sumatra Selatan
Kabupaten Ogan Komering Ulu Selatan,Sumatra Selatan
Kabupaten Ogan Komering Ulu Timur,Sumatra Selatan
Kabupaten Pacitan,Jawa Timur
Kabupaten Padang Lawas,Sumatra Utara
Kabupaten Padang Lawas Utara,Sumatra Utara
Kabupaten Padang Pariaman,Sumatra Barat
Kabupaten Pakpak Bharat,Sumatra Utara
Kabupaten Pamekasan,Jawa Timur
Kabupaten Pandeglang,Banten
Kabupaten Pangandaran,Jawa Barat
Kabupaten Pangkajene Dan Kepulauan,Sulawesi Selatan
Kabupaten Paniai,Papua Tengah
Kabupaten Parigi Moutong,Sulawesi Tengah
Kabupaten Pasaman,Sumatra Barat
Kabupaten Pasaman Barat,Sumatra Barat
Kabupaten Pasangkayu,Sulawesi Barat
Kabupaten Paser,Kalimantan Timur
Kabupaten Pasuruan,Jawa Timur
Kabupaten Pati,Jawa Tengah
Kabupaten Pegunungan Arfak,Papua Barat
Kabupaten Pegunungan Bintang,Papua Pegunungan
Kabupaten Pekalongan,Jawa Tengah
Kabupaten Pelalawan,Riau
Kabupaten Pemalang,Jawa Tengah
Kabupaten Penajam Paser Utara,Kalimantan Timur
Kabupaten Penukal Abab Lematang Ilir,Sumatra Selatan
Kabupaten Pesawaran,Lampung
Kabupaten Pesisir Barat,Lampung
Kabupaten Pesisir Selatan,Sumatra Barat
Kabupaten Pidie,Aceh
Kabupaten Pidie Jaya,Aceh
Kabupaten Pinrang,Sulawesi Selatan
Kabupaten Pohuwato,Gorontalo
Kabupaten Polewali Mandar,Sulawesi Barat
Kabupaten Ponorogo,Jawa Timur
Kabupaten Poso,Sulawesi tengah
Kabupaten Pringsewu,Lampung
Kabupaten Probolinggo,Jawa Timur
Kabupaten Pulang Pisau,Kalimantan Tengah
Kabupaten Pulau Morotai,Maluku Utara
Kabupaten Pulau Taliabu,Maluku Utara
Kabupaten Puncak,Papua Tengah
Kabupaten Puncak Jaya,Papua Tengah
Kabupaten Purbalingga,Jawa Tengah
Kabupaten Purwakarta,Jawa Barat
Kabupaten Purworejo,Jawa Tengah
Kabupaten Raja Ampat,Papua Barat Daya
Kabupaten Rejang Lebong,Bengkulu
Kabupaten Rembang,Jawa Tengah
Kabupaten Rokan Hilir,Riau
Kabupaten Rokan Hulu,Riau
Kabupaten Rote Ndao,Nusa Tenggara Timur
Kabupaten Sabu Raijua,Nusa Tenggara Timur
Kabupaten Sambas,Kalimantan Barat
Kabupaten Samosir,Sumatra Utara
Kabupaten Sampang,Jawa Timur
Kabupaten Sanggau,Kalimantan Barat
Kabupaten Sarmi,Papua
Kabupaten Sarolangun,Jambi
Kabupaten Sekadau,Kalimantan Barat
Kabupaten Seluma,Bengkulu
Kabupaten Semarang,Jawa Tengah
Kabupaten Seram Bagian Barat,Maluku
Kabupaten Seram Bagian Timur,Maluku
Kabupaten Serang,Banten
Kabupaten Serdang Bedagai,Sumatra Utara
Kabupaten Seruyan,Kalimantan Tengah
Kabupaten Siak,Riau
Kabupaten Sidenreng Rappang,Sulawesi Selatan
Kabupaten Sidoarjo,Jawa Timur
Kabupaten Sigi,Sulawesi Tengah
Kabupaten Sijunjung,Sumatra Barat
Kabupaten Sikka,Nusa Tenggara Timur
Kabupaten Simalungun,Sumatra Utara
Kabupaten Simeulue,Aceh
Kabupaten Sinjai,Sulawesi Selatan
Kabupaten Sintang,Kalimantan Barat
Kabupaten Situbondo,Jawa Timur
Kabupaten Sleman,Daerah Istimewa Yogyakarta
Kabupaten Solok,Sumatra Barat
Kabupaten Solok Selatan,Sumatra Barat
Kabupaten Soppeng,Sulawesi Selatan
Kabupaten Sorong,Papua Barat Daya
Kabupaten Sorong Selatan,Papua Barat Daya
Kabupaten Sragen,Jawa Tengah
Kabupaten Subang,Jawa Barat
Kabupaten Sukabumi,Jawa Barat
Kabupaten Sukamara,Kalimantan Tengah
Kabupaten Sukoharjo,Jawa Tengah
Kabupaten Sumba Barat,Nusa Tenggara Timur
Kabupaten Sumba Barat Daya,Nusa Tenggara Timur
Kabupaten Sumba Tengah,Nusa Tenggara Timur
Kabupaten Sumba Timur,Nusa Tenggara Timur
Kabupaten Sumbawa,Nusa Tenggara Barat
Kabupaten Sumbawa Barat,Nusa Tenggara Barat
Kabupaten Sumedang,Jawa Barat
Kabupaten Sumenep,Jawa Timur
Kabupaten Supiori,Papua
Kabupaten Tabalong,Kalimantan Selatan
Kabupaten Tabanan,Bali
Kabupaten Takalar,Sulawesi Selatan
Kabupaten Tambrauw,Papua Barat Daya
Kabupaten Tana Tidung,Kalimantan Utara
Kabupaten Tana Toraja,Sulawesi Selatan
Kabupaten Tanah Bumbu,Kalimantan Selatan
Kabupaten Tanah Datar,Sumatra Barat
Kabupaten Tanah Laut,Kalimantan Selatan
Kabupaten Tangerang,Banten
Kabupaten Tanggamus,Lampung
Kabupaten Tanjung Jabung Barat,Jambi
Kabupaten Tanjung Jabung Timur,Jambi
Kabupaten Tapanuli Selatan,Sumatra Utara
Kabupaten Tapanuli Tengah,Sumatra Utara
Kabupaten Tapanuli Utara,Sumatra Utara
Kabupaten Tapin,Kalimantan Selatan
Kabupaten Tasikmalaya,Jawa Barat
Kabupaten Tebo,Jambi
Kabupaten Tegal,Jawa Tengah
Kabupaten Teluk Bintuni,Papua Barat
Kabupaten Teluk Wondama,Papua Barat
Kabupaten Temanggung,Jawa Tengah
Kabupaten Timor Tengah Selatan,Nusa Tenggara Timur
Kabupaten Timor Tengah Utara,Nusa Tenggara Timur
Kabupaten Toba,Sumatra Utara
Kabupaten Tojo Una Una,Sulawesi Tengah
Kabupaten Tolikara,Papua Pegunungan
Kabupaten Tolitoli,Sulawesi Tengah
Kabupaten Toraja Utara,Sulawesi Selatan
Kabupaten Trenggalek,Jawa Timur
Kabupaten Tuban,Jawa Timur
Kabupaten Tulang Bawang,Lampung
Kabupaten Tulang Bawang Barat,Lampung
Kabupaten Tulungagung,Jawa Timur
Kabupaten Wajo,Sulawesi Selatan
Kabupaten Wakatobi,Sulawesi Tenggara
Kabupaten Waropen,Papua
Kabupaten Way Kanan,Lampung
Kabupaten Wonogiri,Jawa Tengah
Kabupaten Wonosobo,Jawa Tengah
Kabupaten Yahukimo,Papua Pegunungan
Kabupaten Yalimo,Papua Pegunungan
